ARTKQTARKSTGGKAPRKQLATKAARKSAPATGGVKKPHRYRPGTVALRE,S10p,3496.28,0.7944790367220208,0.7443352494994083,3418.6798785023943,46.38301986791262,4660.850752213695,1.0044228537411082,150.0300000000002
ARTKQTARKSTGGKAPRKQLATKAARKSAPATGGVKKPHRYRPGTVALRE,K4me,3858.72,0.686349821715126,0.8004451940568529,3888.6351863259365,29.324035728143183,2259.2123245363446,-3.8469202248164285,69.53999999999996
ARTKQTARKSTGGKAPRKQLATKAARKSAPATGGVKKPHRYRPGTVALRE,K14me,3852.16,0.6699522452174473,0.6137098042231661,3834.1856982841264,109.93081447794907,7956.34309103319,-6.690936570155615e-05,430.9200000000001
ARTKQTARKSTGGKAPRKQLATKAARKSAPATGGVKKPHRYRPGTVALRE,K27me,4039.53,0.658924645725486,0.8204551181259617,3863.4788306387354,39.943957541725716,3410.8599644859964,4.817338235407242,422.4600000000005
RLAVTGPRYRHPKKVGGTSPASKRAAKTALQKRPAKGGTSKRATQKTRA,S19pK46me,3446.64,0.7976257872910857,0.6905202679730854,3707.410793315002,24.16762892438012,82.96993647356892,7.499999999999999,52.48000000000002
ARTKQTARKSTGGKAPRKQLATKAARKSAPATGGVKKPHRYRPGTVALRE,Unmodified,4088.42,0.8247849528748405,0.9444802972562232,3989.8199522924383,111.5465763168815,2585.1669969517625,2.2241078227075017,295.75
ARTKQTARKSTGGKAPRKQLATKAARKSAPATGGVKKPHRYRPGTVALRE,K9acK14meK27ac,2532.2,0.779849333631172,0.9859868961309488,2550.2899971260085,14.633006829317184,363.5290250142776,7.499999972314638,121.2800000000002
ARTKQTARKSTGGKAPRKQLATKAARKSAPSTGGVKKPHRYRPGTVALRE,K9acK14acK18acK23me3K27acK36ac,2285.97,0.6827887419989189,0.7488403105330856,2305.1864370599637,17.115114475751437,780.2420031350653,-7.499999999999999,37.17000000000007
ARTKQTARKSTGGKAPRKQLATKAARKSAPATGGVKKPHRYRPGTVALRE,K4me3K9acK14acK18acK27ac,2443.51,0.7103896103896103,0.613939731167252,2507.885820050357,103.81620993339338,13823.226005781935,-7.428974560824878,225.6600000000003
ARTKQTARKSTGGKAPRKQLATKAARKSAPATGGVKKPHRYRPGTVALRE,K9acK14acK18acK23acK27me,2716.98,0.8043478260869565,0.7795625125118426,2691.0782348807666,59.95491547097036,3249.429321583261,7.499999999999994,130.19999999999982
ARTKQTARKSTGGKAPRKQLATKAARKSAPSTGGVKKPHRYRPGTVALRE,K9me2S10pK18meK27me,2418.18,0.6904761904761906,0.5156228942270354,2445.4777683351404,70.10233610984301,2710.2758733530504,-7.499999999999997,382.05999999999995
ARTKQTARKSTGGKAPRKQLATKAARKSAPSTGGVKKPHRYRPGTVALRE,K4me3K9acK14acK18acK27me2,2546.86,0.8285714285714287,0.7107671215505815,2543.67321128224,109.32348463882579,14630.164453243135,-4.302591583259618,254.57000000000016
ARTKQTARKSTGGKAPRKQLATKAARKSAPATGGVKKPHRYRPGTVALRE,S10pK18me2,2651.24,0.9411239481143202,0.5489864907121889,2756.131679093855,27.5573800104526,273.57572647497085,7.499999999965832,391.5300000000002
ARTKQTARKSTGGKAPRKQLATKAARKSAPATGGVKKPHRYRPGTVALRE,K27me3,4021.5,0.6657978607504021,0.8665787880788559,3909.8432699515274,146.7239920866055,4683.483767315621,7.499999999999005,318.6399999999999
ARTKQTARKSTGGKAPRKQLATKAARKSAPSTGGVKKPHRYRPGTVALRE,K4me3K9acK14acK18acK23me3K27ac,2609.74,0.8804062740424288,0.8672679965728891,2640.793004975104,13.318951120421126,253.31225362575165,-7.499999999999999,179.94999999999982
ARTKQTARKSTGGKAPRKQLATKAARKSAPATGGVKKPHRYRPGTVALRE,K4me3K9acK14acK18ac,2780.12,0.9088498304039468,0.9208979238248901,2734.3210131194624,72.99750377973609,10431.825529613106,3.0447621704932915,180.75
ARTKQTARKSTGGKAPRKQLATKAARKSAPATGGVKKPHRYRPGTVALRE,K4me3K9acK23ac,3387.69,0.8857142857142858,0.6234089238967635,3450.364627249355,134.0692886775286,10338.652773590042,-1.1573633434478274,419.0100000000002
ARTKQTARKSTGGKAPRKQLATKAARKSAPATGGVKKPHRYRPGTVALRE,K4me3,3836.87,0.6643356643356644,1.0000000000000238,3828.4395936132473,12.811796949296761,1625.6999336220613,4.511485243256096,29.61999999999989
ARTKQTARKSTGGKAPRKQLATKAARKSAPATGGVKKPHRYRPGTVALRE,K4me3K9meS10pK18meK23meS28p,3268.48,0.6761234037828132,0.8283159811307598,3438.029422696397,1031.555499315216,1003.3511817206746,7.499999994769762,2240.1900000000005
ARTKQTARKSTGGKAPRKQLATKAARKSAPATGGVKKPHRYRPGTVALRE,K4me3K23me3,3925.97,0.7956709956709958,0.9315193597633786,3855.8455751294164,103.68575825253684,5157.079620715495,7.499999999966806,225.17000000000007
