ARTKQTARKSTGGKAPRKQLATKAARKSAPATGGVKKPHRYRPGTVALRE,S10p,0.927949123577535,0.55,1.7083333333333333,60.69558224761877,983.6848988434663,7.499999999999999
ARTKQTARKSTGGKAPRKQLATKAARKSAPATGGVKKPHRYRPGTVALRE,S28p,0.823010272008836,0.4482758620689655,2.107142857142857,56.12026787153637,626.3744430577401,1.7299019083506848
ARTKQTARKSTGGKAPRKQLATKAARKSAPATGGVKKPHRYRPGTVALRE,K27me,0.7272727272727273,0.3,0.42424242424242425,273.6935649596877,1282.5925438410409,-0.0010120982830066278
ARTKQTARKSTGGKAPRKQLATKAARKSAPATGGVKKPHRYRPGTVALRE,K4me,0.8528006947459834,0.6595744680851063,1.6,83.11681336817797,665.7125357096254,7.499999999999999
ARTKQTARKSTGGKAPRKQLATKAARKSAPATGGVKKPHRYRPGTVALRE,K9me,0.9106724677511354,0.6666666666666666,1.393939393939394,87.65303754161104,567.8126950793405,7.49999999999874
ARTKQTARKSTGGKAPRKQLATKAARKSAPATGGVKKPHRYRPGTVALRE,K14me,0.8836937463471655,0.5517241379310345,1.7878787878787878,54.63557184234729,642.2152045533596,8.980401340734606e-05
ARTKQTARKSTGGKAPRKQLATKAARKSAPSTGGVKKPHRYRPGTVALRE,K9acK14acK18acK27acK36me2K37me2,0.6,0.6,3.0,7.924955504293608,133.42489677518194,-7.499999999982938
ARTKQTARKSTGGKAPRKQLATKAARKSAPSTGGVKKPHRYRPGTVALRE,K4me3K9acK14acK18acK23acK27ac,0.5714285714285715,0.3333333333333333,0.5454545454545454,142.13911794809658,6380.502487232759,-7.499999999999999
ARTKQTARKSTGGKAPRKQLATKAARKSAPATGGVKKPHRYRPGTVALRE,K4me3K9acK14acK18acK27ac,0.9730930339153133,0.2571428571428571,1.2857142857142858,59.560490390666615,4228.597601564673,7.397495467732287
ARTKQTARKSTGGKAPRKQLATKAARKSAPATGGVKKPHRYRPGTVALRE,K4me3K9acK14acK18acK23ac,0.8455943246644704,0.2857142857142857,0.9523809523809523,69.68637830221819,929.313108264986,7.499999999999999
ARTKQTARKSTGGKAPRKQLATKAARKSAPATGGVKKPHRYRPGTVALRE,K9acK14acK18acK23acK27me2,0.3142857142857143,0.2,0.35714285714285715,2709.65702772374,14999.999698305124,-4.659922696658261
ARTKQTARKSTGGKAPRKQLATKAARKSAPATGGVKKPHRYRPGTVALRE,K9acK14acK18acK27ac,0.9808281993145319,0.7441860465116279,1.2222222222222223,60.3688046368218,2347.83709907436,1.1753036121892573
ARTKQTARKSTGGKAPRKQLATKAARKSAPATGGVKKPHRYRPGTVALRE,K9acK14acK18acK23acK27me,0.1252747252747253,0.07692307692307693,2.5,3491.3325748923203,14999.999919944677,-4.7794407952020626
ARTKQTARKSTGGKAPRKQLATKAARKSAPSTGGVKKPHRYRPGTVALRE,K4meS10pK27me2,0.8928571428571429,0.6666666666666666,7.0,39.064245769658285,34.551022302588954,-7.499999999999999
ARTKQTARKSTGGKAPRKQLATKAARKSAPSTGGVKKPHRYRPGTVALRE,K9meS10pK27me2,0.8285714285714287,0.2,0.2807017543859649,997.546743494456,4578.414656993985,7.499999923402396
ARTKQTARKSTGGKAPRKQLATKAARKSAPATGGVKKPHRYRPGTVALRE,K9acK14acS28p,0.5428571428571429,0.2,0.875,757.4425400520582,5820.409441664291,-7.499998875624926
ARTKQTARKSTGGKAPRKQLATKAARKSAPATGGVKKPHRYRPGTVALRE,K9acK14acK18me,-0.03571428571428572,0.16666666666666666,0.36363636363636365,7864.555182254767,14999.948569805918,-3.3410251191288562
ARTKQTARKSTGGKAPRKQLATKAARKSAPATGGVKKPHRYRPGTVALRE,K9acK14acK18acK23me2K27me2,0.6785714285714287,0.5,0.6666666666666666,90.53835889545249,86.51555442813546,6.288574917156273
ARTKQTARKSTGGKAPRKQLATKAARKSAPATGGVKKPHRYRPGTVALRE,K9ac,0.9392857142857142,0.9285714285714286,0.9375,33.54007221341264,690.9781493691358,-1.9271523803492825
ARTKQTARKSTGGKAPRKQLATKAARKSAPATGGVKKPHRYRPGTVALRE,K14ac,0.9686956521739128,0.6521739130434783,1.5,30.726062318006175,638.8352147827509,2.2205925556740764
ARTKQTARKSTGGKAPRKQLATKAARKSAPATGGVKKPHRYRPGTVALRE,K23ac,0.9166666666666666,0.25,0.3488372093023256,162.92941798163648,725.5870966530988,7.499999999999999
ARTKQTARKSTGGKAPRKQLATKAARKSAPSTGGVKKPHRYRPGTVALRE,K9acK14acK18acK27me2,0.523809523809524,0.0,0.26666666666666666,123.1661747551817,14999.999919172034,2.930039822921263
ARTKQTARKSTGGKAPRKQLATKAARKSAPSTGGVKKPHRYRPGTVALRE,S28p,0.48571428571428577,0.4,0.6428571428571429,330.563324246131,510.0058820576031,-7.499999999999999
ARTKQTARKSTGGKAPRKQLATKAARKSAPATGGVKKPHRYRPGTVALRE,K4me3,0.9571069044753255,0.7027027027027027,1.2258064516129032,64.89476452798853,984.1369669735163,7.499999999996787
ARTKQTARKSTGGKAPRKQLATKAARKSAPATGGVKKPHRYRPGTVALRE,K4me3K9acK23meK27me2,0.942857142857143,0.4,1.6,19.746392552310816,86.13935467652372,6.828069372803561
ARTKQTARKSTGGKAPRKQLATKAARKSAPATGGVKKPHRYRPGTVALRE,K4me3K9acK14acK18ac,0.9556691936830198,0.48717948717948717,2.1052631578947367,40.91977253233484,2287.870091751728,5.117670795196866
ARTKQTARKSTGGKAPRKQLATKAARKSAPATGGVKKPHRYRPGTVALRE,K9acK14acK18ac,0.9294770552759627,0.5882352941176471,1.7333333333333334,45.50657402673432,1979.128328559346,-0.006799412851927071
ARTKQTARKSTGGKAPRKQLATKAARKSAPATGGVKKPHRYRPGTVALRE,K4me3K9acK14acK23meK27me2,0.7912087912087913,0.6666666666666666,1.4444444444444444,11.19748736991832,387.96227310699584,-0.0008081398597545027
ARTKQTARKSTGGKAPRKQLATKAARKSAPATGGVKKPHRYRPGTVALRE,K9meK14ac,0.8571428571428573,0.6666666666666666,0.5833333333333334,48.07284624423601,51.63130400657415,7.499999999999922
ARTKQTARKSTGGKAPRKQLATKAARKSAPATGGVKKPHRYRPGTVALRE,K14acK23me,0.232843137254902,0.5625,0.6538461538461539,78.47884781792591,59.29607493191776,-0.010973899175356662
ARTKQTARKSTGGKAPRKQLATKAARKSAPATGGVKKPHRYRPGTVALRE,K4me3K9acK14ac,0.9423866075275301,0.5135135135135135,2.0,40.8294087079966,1059.2942423501859,3.57379431654347
ARTKQTARKSTGGKAPRKQLATKAARKSAPATGGVKKPHRYRPGTVALRE,K9acK14ac,0.9521008403361345,0.6764705882352942,1.5217391304347827,37.991493537583,1179.7751902455548,0.8409970449200859
ARTKQTARKSTGGKAPRKQLATKAARKSAPATGGVKKPHRYRPGTVALRE,K14acK23me2,0.6,0.4,0.19607843137254902,538.8252331578188,1062.70824875963,-7.499999999769465
ARTKQTARKSTGGKAPRKQLATKAARKSAPATGGVKKPHRYRPGTVALRE,K4me3K9acK23me3,0.9930069930069931,0.9090909090909091,1.2,22.830320386635346,716.2798045642792,5.704020465307866
ARTKQTARKSTGGKAPRKQLATKAARKSAPATGGVKKPHRYRPGTVALRE,K27ac,0.907399577167019,0.5813953488372093,1.6296296296296295,67.70937550635446,764.6596589420386,3.539192331917761
ARTKQTARKSTGGKAPRKQLATKAARKSAPATGGVKKPHRYRPGTVALRE,K4me3K9ac,0.9428571428571428,0.46153846153846156,1.1666666666666667,58.82694257257561,1525.6713759677589,4.510189634778121
ARTKQTARKSTGGKAPRKQLATKAARKSAPATGGVKKPHRYRPGTVALRE,K14me3,0.9615384615384617,0.5128205128205128,0.7692307692307693,89.01319079683941,872.8031882580444,7.372321762670118
ARTKQTARKSTGGKAPRKQLATKAARKSAPSTGGVKKPHRYRPGTVALRE,K36me2K37me2,0.6071428571428572,0.5,0.35714285714285715,302.8232792519876,1316.397165249745,-3.8169136457993953
ARTKQTARKSTGGKAPRKQLATKAARKSAPSTGGVKKPHRYRPGTVALRE,K14ac,-0.04761904761904763,0.14285714285714285,0.2708333333333333,8862.229687209305,11410.1578282024,6.9035252135941025
ARTKQTARKSTGGKAPRKQLATKAARKSAPATGGVKKPHRYRPGTVALRE,K23meS28p,0.7363636363636363,0.6,2.2,46.28603981522144,43.82056313470614,-7.499999999996565
ARTKQTARKSTGGKAPRKQLATKAARKSAPATGGVKKPHRYRPGTVALRE,K4me3K23meK27me2,-0.009111640951564104,0.0,1.0434782608695652,21.157230859067734,4673.737982035533,-1.6078171800887606
ARTKQTARKSTGGKAPRKQLATKAARKSAPATGGVKKPHRYRPGTVALRE,K4me3K23me3,0.965034965034965,0.8181818181818182,1.3333333333333333,17.01964229253549,489.02319124404886,1.9655489630529692
ARTKQTARKSTGGKAPRKQLATKAARKSAPATGGVKKPHRYRPGTVALRE,K23acK27me2,0.4021978021978022,0.0,1.0,104.47027803934886,14999.999999999998,-0.29566370456750657
ARTKQTARKSTGGKAPRKQLATKAARKSAPATGGVKKPHRYRPGTVALRE,Unmodified,0.8968799576943416,0.65,1.564102564102564,105.56622852993374,811.9448305748664,-2.7534711418561675
ARTKQTARKSTGGKAPRKQLATKAARKSAPATGGVKKPHRYRPGTVALRE,K4me3K23ac,0.7714285714285715,0.6,1.0,34.16734515306392,109.81076516980345,0.00160585474929844
