ARTKQTARKSTGGKAPRKQLATKAARKSAPATGGVKKPHRYRPGTVALRE,K9meK14me,3420.59,0.6571428571428573,0.5289500575686793,4125.736396111232,330.89319740953454,452.4519029694409,-7.499999999999997,718.5899999999997
ARTKQTARKSTGGKAPRKQLATKAARKSAPATGGVKKPHRYRPGTVALRE,K9me,4113.96,0.7995007621154891,0.9367877428225244,4065.4128299633608,62.173950608800105,539.1680669402906,3.0315942738062622,154.07999999999947
ARTKQTARKSTGGKAPRKQLATKAARKSAPATGGVKKPHRYRPGTVALRE,K14me,4048.09,0.6571428571428573,0.6399083392919794,3875.1876863618368,27.997910537787217,119.37606337422234,0.006459092420369397,109.75
ARTKQTARKSTGGKAPRKQLATKAARKSAPATGGVKKPHRYRPGTVALRE,K4me,4110.81,0.8588907947398512,0.5501804715622786,4155.640578780668,161.60178105307148,597.3461434996939,-3.3948164653110706,391.85000000000036
ARTKQTARKSTGGKAPRKQLATKAARKSAPATGGVKKPHRYRPGTVALRE,K9acK14acK18acK27ac,2701.32,0.9394951389612919,0.8644014332561426,2613.799340006443,100.52747907081563,10262.997551913724,7.499999999999999,218.30999999999995
ARTKQTARKSTGGKAPRKQLATKAARKSAPATGGVKKPHRYRPGTVALRE,K9acK14acK23me,2773.96,0.8539125638299666,0.9568109973393635,2842.1238196955305,12.255020717892165,38.58113533762739,-7.499999999999892,26.61999999999989
ARTKQTARKSTGGKAPRKQLATKAARKSAPATGGVKKPHRYRPGTVALRE,K9ac,3694.22,0.7826517884223442,0.9204476840102768,3722.147175542162,55.43411113951236,941.6902197442005,1.6871788374062435,157.32000000000016
ARTKQTARKSTGGKAPRKQLATKAARKSAPATGGVKKPHRYRPGTVALRE,K14ac,3690.25,0.8307533539731682,0.934498140798746,3692.20025696194,39.45318743853046,626.8317976410227,-1.513485012247643,115.13000000000011
ARTKQTARKSTGGKAPRKQLATKAARKSAPSTGGVKKPHRYRPGTVALRE,K9acK14acK18acK27acK36me3K37me,2562.44,0.9175824175824175,0.7903119990054462,2575.183009571374,18.269800818296698,364.8494892830521,3.443833834239801,44.179999999999836
ARTKQTARKSTGGKAPRKQLATKAARKSAPATGGVKKPHRYRPGTVALRE,K4me3K9acK14acK18acK27ac,2621.73,0.9792207792207792,0.9697773957666685,2585.8206057543252,38.62267398661182,1834.5841741323998,6.403071188613454,85.2800000000002
ARTKQTARKSTGGKAPRKQLATKAARKSAPATGGVKKPHRYRPGTVALRE,K4me3K9acK14acK18acK23ac,2615.3,0.7454545454545454,0.8050133735107764,2700.3496834730217,18.84781985306129,228.80390760003152,0.0020806297496370188,73.88000000000011
ARTKQTARKSTGGKAPRKQLATKAARKSAPATGGVKKPHRYRPGTVALRE,K9acK14acK18acK27acK36me,2570.96,0.942857142857143,0.7706963603619019,2612.7887241223743,27.72273802462245,157.14860314723097,-2.112015321492956,74.40999999999985
ARTKQTARKSTGGKAPRKQLATKAARKSAPSTGGVKKPHRYRPGTVALRE,K9meS10pK14meK18meK27me,2588.46,0.7412587412587414,0.5663393667172563,2736.319909473619,53.95306608602674,198.0223545692906,-7.499999999999999,117.17000000000007
ARTKQTARKSTGGKAPRKQLATKAARKSAPATGGVKKPHRYRPGTVALRE,K4me3K9acK14ac,3364.28,0.93582995951417,0.9478242644116865,3332.295917710511,43.436008975520664,2073.8120866202157,4.0451534005758445,362.00999999999976
ARTKQTARKSTGGKAPRKQLATKAARKSAPATGGVKKPHRYRPGTVALRE,K9acK14acK18ac,3075.27,0.8725006298409949,0.9206731297199028,3013.259984742889,70.31873816881715,3941.9500382063006,2.6840281008205285,178.7199999999998
ARTKQTARKSTGGKAPRKQLATKAARKSAPSTGGVKKPHRYRPGTVALRE,K4me3K9acK14acK18acK27meK36me,2692.74,0.7666666666666667,0.7051894296796445,2677.780508640139,73.34779218051978,1082.0778930368263,6.358465115881487,481.24000000000024
ARTKQTARKSTGGKAPRKQLATKAARKSAPSTGGVKKPHRYRPGTVALRE,K9acK14acK18acK23ac,2927.61,0.6666666666666669,0.7743406760982604,3004.5798389513193,50.22368316549627,382.89994907200037,7.499999999999999,242.23999999999978
ARTKQTARKSTGGKAPRKQLATKAARKSAPATGGVKKPHRYRPGTVALRE,K4ac,3716.75,0.7634723254531477,0.959226971436861,3662.5935691627255,40.24189486925354,43.44648361091035,4.9500172832418645,623.2200000000003
ARTKQTARKSTGGKAPRKQLATKAARKSAPATGGVKKPHRYRPGTVALRE,K9me3,4027.41,0.8254901960784313,0.9034695151552026,4064.3498420901315,61.107660255820676,275.5860417803448,2.7707919710064015,154.26999999999998
ARTKQTARKSTGGKAPRKQLATKAARKSAPATGGVKKPHRYRPGTVALRE,K14me3,4006.23,0.6874975992957122,0.8751673852771994,4116.223006677724,54.68090101219253,25.113916279508366,1.3947792611797718,162.9699999999998
ARTKQTARKSTGGKAPRKQLATKAARKSAPATGGVKKPHRYRPGTVALRE,K4me3,4091.44,0.956450377503009,0.8966502754651376,4057.918383862106,55.19908082978614,633.1783886470181,2.670505914317622,140.45000000000027
ARTKQTARKSTGGKAPRKQLATKAARKSAPATGGVKKPHRYRPGTVALRE,Unmodified,4094.03,0.9336510263929617,0.7167739714516482,4202.8276399998385,63.40194642873716,349.74550584735914,-3.850651664815639,150.3399999999997
ARTKQTARKSTGGKAPRKQLATKAARKSAPSTGGVKKPHRYRPGTVALRE,K4me3K9acK14acK18acK36me3K37me,2790.06,0.7714285714285715,0.8282932764715346,2953.442739545455,15.473414272330329,74.28457208233829,-6.081580593075781,34.36999999999989
ARTKQTARKSTGGKAPRKQLATKAARKSAPSTGGVKKPHRYRPGTVALRE,K4me3K9acK14acK18acK23acK27ac,2892.09,0.9285714285714287,0.9135693239414164,2968.5926009649834,10.815196075835367,162.35208923650424,-1.566243211129494,31.289999999999964
ARTKQTARKSTGGKAPRKQLATKAARKSAPATGGVKKPHRYRPGTVALRE,K4me3K9acK14acK18ac,3013.51,0.9615931721194878,0.9573938382847617,2976.3211608800552,37.837981035621354,2470.927865264766,6.578508314690659,574.5800000000004
ARTKQTARKSTGGKAPRKQLATKAARKSAPATGGVKKPHRYRPGTVALRE,K4me3K9acK14acK23ac,3049.97,0.6467749199770624,0.6221497414050274,3348.0822257251016,39.396374053344964,90.22637531692284,7.499999999996557,85.54999999999973
ARTKQTARKSTGGKAPRKQLATKAARKSAPSTGGVKKPHRYRPGTVALRE,K4me3K9acK14acK23acK27ac,3189.96,1.0,0.8787127166438199,3316.9191254810116,20.101393416131085,209.04813527603383,-3.245632126907646,49.159999999999854
ARTKQTARKSTGGKAPRKQLATKAARKSAPSTGGVKKPHRYRPGTVALRE,K4me3K9acK14acK23me3K27me,3042.36,0.7714285714285715,0.7156985745240947,3276.6666491117016,32.96938567295414,149.17238559515974,7.499999999995672,267.9499999999998
ARTKQTARKSTGGKAPRKQLATKAARKSAPATGGVKKPHRYRPGTVALRE,K9acK14acK23acK27me,3179.97,0.881818181818182,0.7461962643351148,3462.75392298311,51.7271196802962,45.14454777596269,-7.499999999999999,112.32999999999993
ARTKQTARKSTGGKAPRKQLATKAARKSAPATGGVKKPHRYRPGTVALRE,K4me3K9acK14acK23me3,3277.91,0.9636363636363637,0.981790635100203,3311.2065365488756,22.520969612602432,308.6142065805858,7.499999999999999,48.909999999999854
ARTKQTARKSTGGKAPRKQLATKAARKSAPATGGVKKPHRYRPGTVALRE,S10p,3791.61,0.753968253968254,0.911980587620617,3764.8642514882104,36.11103666570232,229.50111721440135,7.499999999999999,269.02
ARTKQTARKSTGGKAPRKQLATKAARKSAPATGGVKKPHRYRPGTVALRE,T11p,3767.26,0.7334789397912866,0.6512049523963779,3782.369390279547,9.92019048957787,29.009962804453405,-7.499999999999999,21.539999999999964
ARTKQTARKSTGGKAPRKQLATKAARKSAPATGGVKKPHRYRPGTVALRE,T6p,3806.73,0.6771769973769215,0.7331392750964476,3764.39224415408,85.83074668405527,651.4134065807945,7.499999999999999,186.39999999999964
ARTKQTARKSTGGKAPRKQLATKAARKSAPSTGGVKKPHRYRPGTVALRE,K4me3K9acK14acK27me3,3207.29,0.9642857142857145,0.9570819875268332,3309.5425204375333,17.659492294914116,133.75258612165732,3.1454474334354394,119.92000000000007
ARTKQTARKSTGGKAPRKQLATKAARKSAPATGGVKKPHRYRPGTVALRE,K9acK14ac,3426.85,0.9341463414634147,0.9314838586465072,3443.612706369179,53.61257220448017,1230.016471093189,-2.036065447895205,145.17999999999984
ARTKQTARKSTGGKAPRKQLATKAARKSAPSTGGVKKPHRYRPGTVALRE,K4me3K9acK23acK27me,3491.67,0.942857142857143,0.9017168110951687,3604.0013726883417,10.683338836059994,227.0938227737259,0.0017144192334528118,41.86999999999989
ARTKQTARKSTGGKAPRKQLATKAARKSAPSTGGVKKPHRYRPGTVALRE,K4me3K9acK23acK27ac,3548.7,1.0,0.7830122062383723,3622.105478044672,13.077238388082122,278.00706857153926,-2.516343273085143,33.710000000000036
ARTKQTARKSTGGKAPRKQLATKAARKSAPATGGVKKPHRYRPGTVALRE,K4meT6pS10pT11p,3738.7,0.8928571428571429,0.5177108186986235,3490.1052492626322,506.6867931465739,1593.1400175847323,-0.01091456622818059,1986.1
ARTKQTARKSTGGKAPRKQLATKAARKSAPATGGVKKPHRYRPGTVALRE,K4me3K9acK23me3,3617.03,0.983201581027668,0.9043522103885677,3618.516506464201,19.53595814077756,748.2974854967907,3.0176305132164734,48.460000000000036
ARTKQTARKSTGGKAPRKQLATKAARKSAPATGGVKKPHRYRPGTVALRE,K4me3K9ac,3691.65,0.9491023024488361,0.8626463374301465,3679.2624868415633,35.83400873273078,4613.645209004306,-3.341736320903554e-05,140.45999999999958
