ARTKQTARKSTGGKAPRKQLATKAARKSAPATGGVKKPHRYRPGTVALRE,R26me2K27me2,3279.4,0.7673630717108978,0.7020529127169438,3184.104330035398,179.64101572320513,2559.0279031632585,-2.6822145217513587,1753.8
ARTKQTARKSTGGKAPRKQLATKAARKSAPATGGVKKPHRYRPGTVALRE,K27me2K36me,3131.11,0.7556249304071417,0.7304228211625433,3041.1784615260262,146.34175812911462,2706.0498412540846,1.151700190131611,457.9200000000001
ARTKQTARKSTGGKAPRKQLATKAARKSAPATGGVKKPHRYRPGTVALRE,K27me2,3241.7,0.6134015852927198,0.6185531328029297,3272.436379249138,171.84954241411313,1696.2867129689866,-0.0028668426143816936,1377.58
ARTKQTARKSTGGKAPRKQLATKAARKSAPATGGVKKPHRYRPGTVALRE,K27me2K36me2,3256.73,0.942691380361846,0.7542557612882324,3000.2139370320256,151.08213091977638,3254.487691967949,5.373486455838088,340.7800000000002
ARTKQTARKSTGGKAPRKQLATKAARKSAPATGGVKKPHRYRPGTVALRE,R26me2K27me,3211.26,0.7967032967032966,0.6111572489187603,3018.6024665856435,224.8292346627699,2882.605219652719,3.280592359650267,548.6799999999998
ARTKQTARKSTGGKAPRKQLATKAARKSAPATGGVKKPHRYRPGTVALRE,K14me,3154.25,0.6409909777810497,0.6480938547460453,3376.204833307251,144.68544262860894,388.5571035885331,-7.499999999985707,314.21000000000004
ARTKQTARKSTGGKAPRKQLATKAARKSAPATGGVKKPHRYRPGTVALRE,K9me2K18meR26me2,3118.12,0.966240492659655,0.6976246089339607,2976.7423891283947,44.08610811979216,1673.3084361294873,2.419164915034495,114.64999999999964
ARTKQTARKSTGGKAPRKQLATKAARKSAPATGGVKKPHRYRPGTVALRE,K9me2K14meK27me2K36me2,2982.94,0.9409675163742263,0.6491751417074015,2931.70233986783,28.014423038156437,1532.3076880219414,1.5375900290841744,81.42000000000007
ARTKQTARKSTGGKAPRKQLATKAARKSAPATGGVKKPHRYRPGTVALRE,K23me,3257.1,0.6607142857142856,0.7136003751961223,3273.1925831240137,98.81468124545289,415.416326207282,5.600049556229602,221.70000000000027
SGRGKGGKGLGKGGAKRHRKVLRDNIQGITKPAIRRLARRGGVKRISGLIYE,E0acK12acK16acK20me2,3375.09,0.8931034482758619,0.8948796995989786,3457.342602283026,61.985209530719025,383.4648704628098,-6.263096242157112,137.21000000000004
ARTKQTARKSTGGKAPRKQLATKAARKSAPATGGVKKPHRYRPGTVALRE,Unmodified,3354.79,0.9560439560439561,0.8773813755125501,3373.1218369272347,32.31577866193211,173.52173870270508,2.162405469485993,86.25
SGRGKGGKGLGKGGAKRHRKVLRDNIQGITKPAIRRLARRGGVKRISGLIYE,E0acK8acK16acK20me2,3453.89,0.89025154685217,0.90116437207017,3463.2987437628003,39.45703084141263,598.515249233987,1.3176579273773315,119.33000000000038
SGRGKGGKGLGKGGAKRHRKVLRDNIQGITKPAIRRLARRGGVKRISGLIYE,E0acK12acK16ac,3404.54,0.8272727272727273,0.9556727370175875,3515.9639787027336,41.276207673470864,146.07943659106922,-6.708724288227296,90.67999999999984
SGRGKGGKGLGKGGAKRHRKVLRDNIQGITKPAIRRLARRGGVKRISGLIYE,E0acK8acK16ac,3469.69,0.8060606060606059,0.9765317891481753,3544.9057444967048,13.79916660903048,132.52051732200218,-0.006877222192479987,157.61000000000013
SGRGKGGKGLGKGGAKRHRKVLRDNIQGITKPAIRRLARRGGVKRISGLIYE,E0acK5acK16ac,3496.43,0.6223776223776225,0.8760400129468393,3568.1461244283446,45.93401847370254,173.21060176545217,4.136032808575361,107.62999999999965
SGRGKGGKGLGKGGAKRHRKVLRDNIQGITKPAIRRLARRGGVKRISGLIYE,E0acK5acK12ac,3519.9,0.7380952380952381,0.9666472135999002,3703.9971475771413,16.117993604925285,57.89418035378165,-7.499999999999999,148.98000000000002
SGRGKGGKGLGKGGAKRHRKVLRDNIQGITKPAIRRLARRGGVKRISGLIYE,E0acK8acK12ac,3463.12,0.65,0.7359768805116182,3648.3581295001345,21.576092164383923,40.561061033052475,0.0033093389315841226,84.56999999999971
SGRGKGGKGLGKGGAKRHRKVLRDNIQGITKPAIRRLARRGGVKRISGLIYE,E0acK16acK20me2,3802.69,0.9209834350488819,0.7473264709122507,3751.9138616262217,77.05903928804543,4914.3786631523835,4.284617175311586,179.54999999999973
SGRGKGGKGLGKGGAKRHRKVLRDNIQGITKPAIRRLARRGGVKRISGLIYE,E0acK16acK20me,3815.65,0.7208810813325129,0.9100705474482192,3878.350307083792,74.79696688523727,844.0964122682755,-2.8726116628338696,187.4000000000001
TRGVLKVFLE,Unmodified,1708.86,0.6963199823005158,0.4829824827524569,1754.0323220775733,145.99525138468408,14999.983843081282,-4.404779837960874,338.73
SGRGKGGKGLGKGGAKRHRKVLRDNIQGITKPAIRRLARRGGVKRISGLIYE,E0acK16ac,3896.28,0.9336812571231053,0.8115734343857373,3889.2103547443976,23.42806754636451,780.0717480255405,1.0283614846461768,75.36000000000013
SGRGKGGKGLGKGGAKRHRKVLRDNIQGITKPAIRRLARRGGVKRISGLIYE,E0acK20me,4188.68,0.7450891535044056,0.8700776371717324,4174.266683754833,37.40331872994984,2283.181369439683,2.6428357293695592,95.38000000000011
SGRGKGGKGLGKGGAKRHRKVLRDNIQGITKPAIRRLARRGGVKRISGLIYE,K5acK16ac,3869.53,0.9,0.9676576728993086,3906.8990761627747,4.7253568017217935,26.16069834584691,-7.499999999999901,10.269999999999982
SGRGKGGKGLGKGGAKRHRKVLRDNIQGITKPAIRRLARRGGVKRISGLIYE,E0acK12acK20me2,3912.68,0.6247301505605988,0.7522130917373088,3961.583072365823,38.69147900739186,567.8431423752062,-7.499999999977371,84.01999999999998
SGRGKGGKGLGKGGAKRHRKVLRDNIQGITKPAIRRLARRGGVKRISGLIYE,E0acK12ac,3867.32,0.6785714285714287,0.9439738060396725,3957.029853225048,15.471601148546148,123.9901609161078,1.8861570430275316,42.690000000000055
SGRGKGGKGLGKGGAKRHRKVLRDNIQGITKPAIRRLARRGGVKRISGLIYE,E0acK8acK20me2,3964.01,0.6296968930869348,0.7385235325718793,3991.801660378906,32.2482740586007,749.5987110191214,-7.4999999999996785,108.49000000000024
SGRGKGGKGLGKGGAKRHRKVLRDNIQGITKPAIRRLARRGGVKRISGLIYE,E0acK8acR19me2,3947.49,0.6733003292241385,0.7483907834792958,3982.0,7.753135566408671,1e-10,0.0,30.399999999999636
SGRGKGGKGLGKGGAKRHRKVLRDNIQGITKPAIRRLARRGGVKRISGLIYE,E0acK8ac,3956.65,0.6121212121212121,0.9260489009991724,4029.2704176513976,31.48973275148058,208.2989675802726,-3.518675875505317,75.85999999999967
SGRGKGGKGLGKGGAKRHRKVLRDNIQGITKPAIRRLARRGGVKRISGLIYE,E0acK5acK20me2,3992.19,0.7069775938681795,0.7831230288684684,4015.5775955925856,28.365233052279414,588.4781496496848,-0.03165526495333659,111.15999999999985
SGRGKGGKGLGKGGAKRHRKVLRDNIQGITKPAIRRLARRGGVKRISGLIYE,E0acK5ac,3955.47,0.9393939393939393,0.847105454077639,4077.7609525770827,19.59458127913414,126.44509962555144,-7.499999999999999,225.42000000000007
SGRGKGGKGLGKGGAKRHRKVLRDNIQGITKPAIRRLARRGGVKRISGLIYE,E0acK5acK20me,3926.53,0.6071428571428572,0.5916408096709698,4025.812459577594,41.566247948638,84.83255079535836,7.499999997780957,90.26999999999953
SGRGKGGKGLGKGGAKRHRKVLRDNIQGITKPAIRRLARRGGVKRISGLIYE,K5acK20me2,4190.52,0.8956043956043955,0.697600901218236,4135.211053309268,58.56779558240448,1383.282556724736,7.499999999999479,127.19000000000051
SGRGKGGKGLGKGGAKRHRKVLRDNIQGITKPAIRRLARRGGVKRISGLIYE,E0acK20me2,4192.11,0.9855127895405884,0.5255943034965449,4122.398427500524,76.85209025574689,13518.665583761314,4.982814596414548,175.1300000000001
SGRGKGGKGLGKGGAKRHRKVLRDNIQGITKPAIRRLARRGGVKRISGLIYE,E0acK20me3,3982.49,0.8571428571428573,0.8529550628686338,4180.712429317696,34.026063880304854,311.1123761475182,-7.499999999810137,217.26999999999953
SGRGKGGKGLGKGGAKRHRKVLRDNIQGITKPAIRRLARRGGVKRISGLIYE,E0ac,4270.57,0.9497241632037428,0.8111003800117448,4309.257284130762,51.660374648326766,1946.6455354646523,-2.7583073140116796,130.52999999999975
ARTKQTARKSTGGKAPRKQLATKAARKSAPATGGVKKPHRYRPGTVALRE,K9me2K14acK23acK27me2K36me2,2348.47,0.9697006492516792,0.8841013623181339,2346.6709904237828,35.08704578469657,566.5943715206638,3.0154841904790946,87.05000000000018
ARTKQTARKSTGGKAPRKQLATKAARKSAPATGGVKKPHRYRPGTVALRE,K9me2K14acK23acK27meK36me2,2328.87,0.8116794499134278,0.5848505196723661,2368.535531115156,44.98473755208187,1005.357899410154,-0.002608156220068417,176.34000000000015
ARTKQTARKSTGGKAPRKQLATKAARKSAPATGGVKKPHRYRPGTVALRE,K14acK23acK27me2K36me,2372.77,0.9490620411681207,0.8038309518256039,2381.9602902291717,37.122586016928715,615.175753921031,1.5994510846081316,106.80000000000018
ARTKQTARKSTGGKAPRKQLATKAARKSAPATGGVKKPHRYRPGTVALRE,K14acK23acK27me2K36me2,2376.59,0.8181818181818182,0.5168872747298332,2429.830826536096,98.56669695465736,1168.8775251924305,-7.356095742601356,214.46000000000004
ARTKQTARKSTGGKAPRKQLATKAARKSAPATGGVKKPHRYRPGTVALRE,K14acK23acK27me2,2390.27,0.8640443163664474,0.7411626164063715,2391.2012163146123,39.70644811296995,472.63206469610725,1.53934404846758,115.37000000000035
ARTKQTARKSTGGKAPRKQLATKAARKSAPATGGVKKPHRYRPGTVALRE,K14acK23acK27me,2359.71,0.7181818181818183,0.8181152340236338,2411.296619854552,35.645920782017704,188.03611057620427,2.139601116073869,95.37999999999965
ARTKQTARKSTGGKAPRKQLATKAARKSAPATGGVKKPHRYRPGTVALRE,K14acK23acR26me2K27me,2363.02,1.0,0.6105160832895549,2398.52589867824,29.21963588290636,693.0559018659569,0.003569035485202347,114.53999999999996
ARTKQTARKSTGGKAPRKQLATKAARKSAPATGGVKKPHRYRPGTVALRE,K14acK23ac,2318.14,0.7857142857142859,0.8115982592646299,2431.6151704535955,27.72799662082049,79.09656728991575,3.1688274674318873,68.11999999999989
ARTKQTARKSTGGKAPRKQLATKAARKSAPATGGVKKPHRYRPGTVALRE,K14acK27ac,2575.42,0.7040708330888924,0.5769262970727855,2606.484507906748,53.702862428934,911.0602886582263,0.0024907021890695083,210.50999999999976
ARTKQTARKSTGGKAPRKQLATKAARKSAPATGGVKKPHRYRPGTVALRE,K9me2K14acK27me2K36me2,2545.37,0.9894797752097305,0.7545213038457547,2585.788432056509,31.90966978919621,1432.38163230282,-2.4474420400676986,290.8600000000001
ARTKQTARKSTGGKAPRKQLATKAARKSAPATGGVKKPHRYRPGTVALRE,K14acK27me2K36me,2587.26,0.8039215686274509,0.89138067150798,2570.4174881691947,44.98622504509124,960.6775136892481,1.5144431156756004,131.25999999999976
ARTKQTARKSTGGKAPRKQLATKAARKSAPATGGVKKPHRYRPGTVALRE,K9me2K14acK27meK36me2,2629.18,0.8440406439909537,0.5869965218146682,2559.769689780666,28.50426757481278,1402.227879866227,1.7530756050404197,80.11000000000013
ARTKQTARKSTGGKAPRKQLATKAARKSAPATGGVKKPHRYRPGTVALRE,K14acK27meK36me2,2573.96,0.7833333333333333,0.6678180176158819,2569.4292422943668,52.75094231546823,1013.441451526325,2.0354875901331337,142.86000000000013
ARTKQTARKSTGGKAPRKQLATKAARKSAPATGGVKKPHRYRPGTVALRE,K9me2K14meK18acK27me2K36me2,2494.78,0.942857142857143,0.5019907987399037,2596.605114349662,43.75984879458136,584.4067063720794,-2.1569377718486904,116.86999999999989
ARTKQTARKSTGGKAPRKQLATKAARKSAPATGGVKKPHRYRPGTVALRE,K14acK27me2,2609.77,0.9263157894736842,0.9082471885529797,2590.211218784578,56.28075736437792,558.7671291885039,5.573805286209851,126.34999999999991
ARTKQTARKSTGGKAPRKQLATKAARKSAPSTGGVKKPHRYRPGTVALRE,K14ac,2574.69,0.942857142857143,0.7334615134774698,2607.3875229421606,54.53969243764089,650.8377882417732,2.6027785575018045,139.53999999999996
ARTKQTARKSTGGKAPRKQLATKAARKSAPATGGVKKPHRYRPGTVALRE,K23acK27me2K36me,2669.87,0.8531468531468532,0.675263852142654,2674.3952375388126,52.551764825250395,348.36156886395844,2.1617082399500105,140.27999999999975
ARTKQTARKSTGGKAPRKQLATKAARKSAPATGGVKKPHRYRPGTVALRE,K14ac,2603.7,0.6818181818181819,0.5377761189130832,2683.8246305353937,57.03777948176258,190.38264217404964,0.002380981665600589,223.57999999999993
ARTKQTARKSTGGKAPRKQLATKAARKSAPATGGVKKPHRYRPGTVALRE,K23acK27me2,2719.18,0.6030075187969924,0.6578820687006055,2822.451057243725,124.08548202293142,334.77763227699745,-7.4999999999999245,269.48
SGRGKGGKGLGKGGAKRHRKVLRDNIQGITKPAIRRLARRGGVKRISGLIYE,E0acK8acK12acK16acK20me2,2758.14,0.9642857142857145,0.9511068081633642,2883.175043929515,20.658724527470447,137.34088176700646,-2.2705711715519397,54.50999999999976
SGRGKGGKGLGKGGAKRHRKVLRDNIQGITKPAIRRLARRGGVKRISGLIYE,E0acK8acK12acK16ac,2685.27,0.8857142857142858,0.4336058400263293,2885.3064501304343,17.203758031751317,48.60895537207352,7.499999999999999,198.92999999999984
ARTKQTARKSTGGKAPRKQLATKAARKSAPATGGVKKPHRYRPGTVALRE,K9me2R26meK27meK36me2,3000.91,0.6479126512466028,0.586824854225447,2923.532260261126,56.10798704669109,2141.507745216483,7.499999999999999,121.84999999999991
ARTKQTARKSTGGKAPRKQLATKAARKSAPATGGVKKPHRYRPGTVALRE,K9me2K27me2K36me2,3144.09,0.935984850131815,0.7981231707440354,2927.383351147653,47.4105406379535,3029.3489972117163,3.835121732618063,112.5
ARTKQTARKSTGGKAPRKQLATKAARKSAPATGGVKKPHRYRPGTVALRE,R8me2K9meK27me2K36me2,2940.84,0.8982196964349441,0.45523844288670556,2946.1462317584514,13.256869678057464,1527.8375550610638,0.0035736994566518973,51.970000000000255
ARTKQTARKSTGGKAPRKQLATKAARKSAPATGGVKKPHRYRPGTVALRE,K9me2K18meK36me2,3121.29,0.9705882352941178,0.46504822583374195,3075.299817935599,390.2152807865489,12144.293873286013,-7.499999999999922,847.4199999999996
ARTKQTARKSTGGKAPRKQLATKAARKSAPATGGVKKPHRYRPGTVALRE,K9me2K14meK36me2,3710.51,0.8876253645985944,0.8095188192480036,3086.946759004108,53.2951039915328,2024.7225897811477,0.0017192301386307848,208.92000000000007
